contig	input_name	organism	virus_seq_length	end_feature	gene_count	virion_hallmark_count	rep_hallmark_count	RDRP_hallmark_count	virion_hallmark_genes	rep_hallmark_genes	RDRP_hallmark_genes	taxonomy_hierarchy	ORF_caller	gcode	avg_read_depth
sample3_1	NODE_1_length_45971_cov_0.328683	Vipivirus sp. ctXAV29	45874	DTR	69	6	1	0	Tail tube protein|Phage stabilisation protein|Phage stabilisation protein|Major Capsid Protein|Head Tail Connector Protein|Large Terminase	DNAB Like Replicative Helicase		-_Viruses;-_Duplodnaviria;k_Heunggongvirae;p_Uroviricota;c_Caudoviricetes;-_Caudoviricetes incertae sedis;f_Zobellviridae;g_Vipivirus	prodigal-gv	11	NaN
sample3_10@C0	NODE_10_length_25725_cov_0.284103	Phietavirus sp. ctXCUHM	25726	None	32	15	0	0	Distal Tail protein|tail protein|tail protein|Distal Tail Protein|tail tape measure protein |tail assembly chaperone protein|major tail protein|type I neck protein|head closure knob|Major Capsid Protein|capsid scaffolding protein|minor capsid protein|Portal Protein|phage terminase, large subunit, PBSX family|Terminase small subunit			-_Viruses;-_Duplodnaviria;k_Heunggongvirae;p_Uroviricota;c_Caudoviricetes;-_Caudoviricetes incertae sedis;-_Azeredovirinae;g_Phietavirus	prodigal-gv	11	NaN
sample3_103	NODE_103_length_3244_cov_0.601843	Pahexavirus sp. ct1OVEE	3244	None	4	2	0	0	tail tape measure protein |tail protein			-_Viruses;-_Duplodnaviria;k_Heunggongvirae;p_Uroviricota;c_Caudoviricetes;-_Caudoviricetes incertae sedis;g_Pahexavirus	prodigal-gv	11	NaN
sample3_105	NODE_105_length_3210_cov_0.154513	Caudoviricetes sp. ctAD9TR	3210	None	2	1	0	0	minor tail protein			-_Viruses;-_Duplodnaviria;k_Heunggongvirae;p_Uroviricota;c_Caudoviricetes	prodigal-gv	11	NaN
sample3_108	NODE_108_length_3098_cov_0.179940	Mohonavirus sp. ctQM8Y9	3098	None	6	1	0	0	Large Terminase			-_Viruses;-_Duplodnaviria;k_Heunggongvirae;p_Uroviricota;c_Caudoviricetes;-_Caudoviricetes incertae sedis;g_Mohonavirus	prodigal-gv	11	NaN
sample3_11@C0	NODE_11_length_23234_cov_0.264814	Felixounavirus sp. ct3334C	23235	None	45	9	0	0	Envelope protein|Large Terminase|Portal Protein|Head decoration protein|Major Capsid protein|Virion morphogenesis family|Minor capsid protein|tail sheath|tail tape measure protein 			-_Viruses;-_Duplodnaviria;k_Heunggongvirae;p_Uroviricota;c_Caudoviricetes;-_Caudoviricetes incertae sedis;f_Andersonviridae;-_Ounavirinae;g_Felixounavirus	prodigal-gv	11	NaN
sample3_112	NODE_112_length_3039_cov_0.117267	Mohonavirus sp. ct59FGQ	3039	None	5	1	0	0	tail tape measure protein 			-_Viruses;-_Duplodnaviria;k_Heunggongvirae;p_Uroviricota;c_Caudoviricetes;-_Caudoviricetes incertae sedis;g_Mohonavirus	prodigal-gv	11	NaN
sample3_114	NODE_114_length_2977_cov_0.625347	Pahexavirus sp. ct9WFBZ	2977	None	3	2	0	0	Portal Protein|Large Terminase			-_Viruses;-_Duplodnaviria;k_Heunggongvirae;p_Uroviricota;c_Caudoviricetes;-_Caudoviricetes incertae sedis;g_Pahexavirus	prodigal-gv	11	NaN
sample3_115	NODE_115_length_2910_cov_0.127622	Dhakavirus sp. ctU5LAU	2910	None	4	2	0	0	Baseplate wedge protein|Baseplate			-_Viruses;-_Duplodnaviria;k_Heunggongvirae;p_Uroviricota;c_Caudoviricetes;o_Pantevenvirales;f_Straboviridae;-_Tevenvirinae;g_Dhakavirus	prodigal-gv	11	NaN
sample3_116	NODE_116_length_2777_cov_0.151119	Rosenblumvirus sp. ctYRWI2	2777	None	3	3	0	0	head to tail adaptor|UPPER COLLAR PROTEI|Major Capsid protein			-_Viruses;-_Duplodnaviria;k_Heunggongvirae;p_Uroviricota;c_Caudoviricetes;-_Caudoviricetes incertae sedis;f_Rountreeviridae;-_Rakietenvirinae;g_Rosenblumvirus	prodigal-gv	11	NaN
sample3_118	NODE_118_length_2759_cov_0.141998	Dhakavirus sp. ct2E5DD	2759	None	5	2	0	0	baseplate protein|baseplate protein			-_Viruses;-_Duplodnaviria;k_Heunggongvirae;p_Uroviricota;c_Caudoviricetes;o_Pantevenvirales;f_Straboviridae;-_Tevenvirinae;g_Dhakavirus	prodigal-gv	11	NaN
sample3_12@C0	NODE_12_length_21924_cov_0.263481	Nankokuvirus sp. ctRDM7A	21925	None	27	15	0	0	Large Terminase|Portal Protein|Putative phage serine protease XkdF|Head decoration protein|Major Capsid protein|Virion morphogenesis family|Minor capsid protein|tail sheath|tail tape measure protein |tail protein|central spike protein|Baseplate wedge protein|tail fiber protein|Tail assembly chaperone|Baseplate protein 			-_Viruses;-_Duplodnaviria;k_Heunggongvirae;p_Uroviricota;c_Caudoviricetes;-_Caudoviricetes incertae sedis;f_Vandenendeviridae;g_Nankokuvirus	prodigal-gv	11	NaN
sample3_120	NODE_120_length_2716_cov_0.152348	Jerseyvirus sp. ctA2USG	2716	None	4	2	0	0	Large Terminase|Portal Protein			-_Viruses;-_Duplodnaviria;k_Heunggongvirae;p_Uroviricota;c_Caudoviricetes;-_Caudoviricetes incertae sedis;f_Sarkviridae;-_Guernseyvirinae;g_Jerseyvirus	prodigal-gv	11	NaN
sample3_122	NODE_122_length_2691_cov_0.129144	Mosigvirus sp. ctWWDTD	2691	None	2	1	0	0	Long tail fiber			-_Viruses;-_Duplodnaviria;k_Heunggongvirae;p_Uroviricota;c_Caudoviricetes;o_Pantevenvirales;f_Straboviridae;-_Tevenvirinae;g_Mosigvirus	prodigal-gv	11	NaN
sample3_123	NODE_123_length_2689_cov_0.133102	Chivirus sp. ctVBEBB	2689	None	4	2	0	0	Putative phage tail protein|Minor tail protein			-_Viruses;-_Duplodnaviria;k_Heunggongvirae;p_Uroviricota;c_Caudoviricetes;-_Caudoviricetes incertae sedis;f_Casjensviridae;g_Chivirus	prodigal-gv	11	NaN
sample3_126	NODE_126_length_2675_cov_0.144298	Chivirus sp. ctRWCGJ	2675	None	3	0	1	0		DNA Polymerase I		-_Viruses;-_Duplodnaviria;k_Heunggongvirae;p_Uroviricota;c_Caudoviricetes;-_Caudoviricetes incertae sedis;f_Casjensviridae;g_Chivirus	prodigal-gv	11	NaN
sample3_127	NODE_127_length_2661_cov_0.117785	Chivirus sp. ctJ56AI	2661	None	3	1	0	0	Large Terminase			-_Viruses;-_Duplodnaviria;k_Heunggongvirae;p_Uroviricota;c_Caudoviricetes;-_Caudoviricetes incertae sedis;f_Casjensviridae;g_Chivirus	prodigal-gv	11	NaN
sample3_13@C0	NODE_13_length_19264_cov_0.240465	Pakpunavirus sp. ct72KMD	19265	None	48	2	0	0	Portal protein|Large Terminase			-_Viruses;-_Duplodnaviria;k_Heunggongvirae;p_Uroviricota;c_Caudoviricetes;-_Caudoviricetes incertae sedis;f_Vandenendeviridae;-_Skurskavirinae;g_Pakpunavirus	prodigal-gv	11	NaN
sample3_132	NODE_132_length_2573_cov_0.143780	Mohonavirus sp. ctT3Q4B	2573	None	6	0	1	0		DNA polymerase B		-_Viruses;-_Duplodnaviria;k_Heunggongvirae;p_Uroviricota;c_Caudoviricetes;-_Caudoviricetes incertae sedis;g_Mohonavirus	prodigal-gv	11	NaN
sample3_135	NODE_135_length_2569_cov_0.123786	Kolesnikvirus sp. ct75SLM	2569	None	4	2	0	0	Portal protein|Large Terminase			-_Viruses;-_Duplodnaviria;k_Heunggongvirae;p_Uroviricota;c_Caudoviricetes;-_Caudoviricetes incertae sedis;f_Andersonviridae;-_Ounavirinae;g_Kolesnikvirus	prodigal-gv	11	NaN
sample3_14@C0	NODE_14_length_18879_cov_0.265520	Nankokuvirus sp. ct4LH51	18880	None	34	0	2	0		DNA polymerase B|replicative DNA helicase		-_Viruses;-_Duplodnaviria;k_Heunggongvirae;p_Uroviricota;c_Caudoviricetes;-_Caudoviricetes incertae sedis;f_Vandenendeviridae;g_Nankokuvirus	prodigal-gv	11	NaN
sample3_140	NODE_140_length_2487_cov_0.112971	Phapecoctavirus sp. ctU9BDN	2487	None	2	2	0	0	Tailspike protein|Tailspike protein			-_Viruses;-_Duplodnaviria;k_Heunggongvirae;p_Uroviricota;c_Caudoviricetes;-_Caudoviricetes incertae sedis;-_Stephanstirmvirinae;g_Phapecoctavirus	prodigal-gv	11	NaN
sample3_141	NODE_141_length_2485_cov_0.143216	Dhakavirus sp. ctVNNGI	2485	None	3	3	0	0	Long tail fiber|baseplate wedge subunit and tail pin|Baseplate wedge protein			-_Viruses;-_Duplodnaviria;k_Heunggongvirae;p_Uroviricota;c_Caudoviricetes;o_Pantevenvirales;f_Straboviridae;-_Tevenvirinae;g_Dhakavirus	prodigal-gv	11	NaN
sample3_142	NODE_142_length_2430_cov_0.155165	Sarkviridae sp. ctIDFNE	2430	None	2	0	1	0		DNA Polymerase I		-_Viruses;-_Duplodnaviria;k_Heunggongvirae;p_Uroviricota;c_Caudoviricetes;-_Caudoviricetes incertae sedis;f_Sarkviridae	prodigal-gv	11	NaN
sample3_144	NODE_144_length_2371_cov_0.174142	Mohonavirus sp. ctXCZC0	2371	None	4	3	0	0	tail sheath|Minor capsid protein|Virion morphogenesis family			-_Viruses;-_Duplodnaviria;k_Heunggongvirae;p_Uroviricota;c_Caudoviricetes;-_Caudoviricetes incertae sedis;g_Mohonavirus	prodigal-gv	11	NaN
sample3_147	NODE_147_length_2349_cov_0.111901	Phapecoctavirus sp. ct99GVJ	2349	None	4	0	1	0		DNA polymerase B		-_Viruses;-_Duplodnaviria;k_Heunggongvirae;p_Uroviricota;c_Caudoviricetes;-_Caudoviricetes incertae sedis;-_Stephanstirmvirinae;g_Phapecoctavirus	prodigal-gv	11	NaN
sample3_15@C0	NODE_15_length_18511_cov_0.251711	Fromanvirus sp. ctY65YW	18512	None	28	11	0	0	minor tail protein |Large Terminase|Portal Protein|minor capsid protein|Major Capsid Protein|Minor capsid protein|type I neck protein|tail completion protein|major tail protein|Tail assembly protein|Minor tail protein 			-_Viruses;-_Duplodnaviria;k_Heunggongvirae;p_Uroviricota;c_Caudoviricetes;-_Caudoviricetes incertae sedis;g_Fromanvirus	prodigal-gv	11	NaN
sample3_151	NODE_151_length_2268_cov_0.177798	Peeveelvirus sp. ctGENHN	2268	None	3	1	0	0	Distal Tail protein			-_Viruses;-_Duplodnaviria;k_Heunggongvirae;p_Uroviricota;c_Caudoviricetes;-_Caudoviricetes incertae sedis;-_Bronfenbrennervirinae;g_Peeveelvirus	prodigal-gv	11	NaN
sample3_155	NODE_155_length_2208_cov_0.265751	Kostyavirus sp. ctFNTO5	2208	None	1	1	0	0	tail tape measure protein 			-_Viruses;-_Duplodnaviria;k_Heunggongvirae;p_Uroviricota;c_Caudoviricetes;-_Caudoviricetes incertae sedis;g_Kostyavirus	prodigal-gv	11	NaN
sample3_159	NODE_159_length_2167_cov_0.104348	Pankowvirus sp. ct46IUD	2167	None	3	2	0	0	Large Terminase|Small Terminase			-_Viruses;-_Duplodnaviria;k_Heunggongvirae;p_Uroviricota;c_Caudoviricetes;-_Caudoviricetes incertae sedis;g_Pankowvirus	prodigal-gv	11	NaN
sample3_16@C0	NODE_16_length_16798_cov_0.259685	Felixounavirus sp. ct5OOEG	16799	None	27	0	1	0		DNA polymerase		-_Viruses;-_Duplodnaviria;k_Heunggongvirae;p_Uroviricota;c_Caudoviricetes;-_Caudoviricetes incertae sedis;f_Andersonviridae;-_Ounavirinae;g_Felixounavirus	prodigal-gv	11	NaN
sample3_162	NODE_162_length_2121_cov_0.166008	Dhakavirus sp. ctN56PW	2121	None	2	2	0	0	baseplate wedge subunit|baseplate wedge subunit			-_Viruses;-_Duplodnaviria;k_Heunggongvirae;p_Uroviricota;c_Caudoviricetes;o_Pantevenvirales;f_Straboviridae;-_Tevenvirinae;g_Dhakavirus	prodigal-gv	11	NaN
sample3_164	NODE_164_length_2117_cov_0.152970	Chivirus sp. ct4AL7Y	2117	None	3	2	0	0	capsid protein|Head decoration protein			-_Viruses;-_Duplodnaviria;k_Heunggongvirae;p_Uroviricota;c_Caudoviricetes;-_Caudoviricetes incertae sedis;f_Casjensviridae;g_Chivirus	prodigal-gv	11	NaN
sample3_167	NODE_167_length_2082_cov_0.152645	Pankowvirus sp. ctIFESC	2082	None	1	1	0	0	tail protein			-_Viruses;-_Duplodnaviria;k_Heunggongvirae;p_Uroviricota;c_Caudoviricetes;-_Caudoviricetes incertae sedis;g_Pankowvirus	prodigal-gv	11	NaN
sample3_168	NODE_168_length_2081_cov_0.131048	Pankowvirus sp. ctT9XCF	2081	None	4	2	0	0	Large Terminase|Large Terminase			-_Viruses;-_Duplodnaviria;k_Heunggongvirae;p_Uroviricota;c_Caudoviricetes;-_Caudoviricetes incertae sedis;g_Pankowvirus	prodigal-gv	11	NaN
sample3_17@C0	NODE_17_length_16253_cov_0.260461	Fromanvirus sp. ct9BMJ7	16254	None	24	3	0	0	tail protein|tail protein|Minor tail protein 			-_Viruses;-_Duplodnaviria;k_Heunggongvirae;p_Uroviricota;c_Caudoviricetes;-_Caudoviricetes incertae sedis;g_Fromanvirus	prodigal-gv	11	NaN
sample3_170	NODE_170_length_2078_cov_0.137809	Bacelvirus sp. ctIHJQU	2078	None	3	1	0	0	Structural protein 			-_Viruses;-_Duplodnaviria;k_Heunggongvirae;p_Uroviricota;c_Caudoviricetes;-_Caudoviricetes incertae sedis;f_Pachyviridae;g_Bacelvirus	prodigal-gv	11	NaN
sample3_172	NODE_172_length_2067_cov_0.135533	Chivirus sp. ctPXIFY	2067	None	4	1	0	0	Terminase subunit 			-_Viruses;-_Duplodnaviria;k_Heunggongvirae;p_Uroviricota;c_Caudoviricetes;-_Caudoviricetes incertae sedis;f_Casjensviridae;g_Chivirus	prodigal-gv	11	NaN
sample3_174	NODE_174_length_2027_cov_0.237824	Kostyavirus sp. ct8SSZR	2027	None	3	1	0	0	Putative structural protein 			-_Viruses;-_Duplodnaviria;k_Heunggongvirae;p_Uroviricota;c_Caudoviricetes;-_Caudoviricetes incertae sedis;g_Kostyavirus	prodigal-gv	11	NaN
sample3_177	NODE_177_length_2014_cov_0.148670	Pbunavirus sp. ctOAMB4	2014	None	4	1	0	0	Major Capsid Protein			-_Viruses;-_Duplodnaviria;k_Heunggongvirae;p_Uroviricota;c_Caudoviricetes;-_Caudoviricetes incertae sedis;f_Lindbergviridae;g_Pbunavirus	prodigal-gv	11	NaN
sample3_18@C0	NODE_18_length_15612_cov_0.625975	Pahexavirus sp. ctNL8KA	15613	None	24	1	2	0	Minor capsid protein	DNA polymerase II, small subunit|DNAB replicative helicase		-_Viruses;-_Duplodnaviria;k_Heunggongvirae;p_Uroviricota;c_Caudoviricetes;-_Caudoviricetes incertae sedis;g_Pahexavirus	prodigal-gv	11	NaN
sample3_180	NODE_180_length_2010_cov_0.138003	Phapecoctavirus sp. ctYO6IT	2010	None	2	2	0	0	Portal protein|Putative phage serine protease XkdF			-_Viruses;-_Duplodnaviria;k_Heunggongvirae;p_Uroviricota;c_Caudoviricetes;-_Caudoviricetes incertae sedis;-_Stephanstirmvirinae;g_Phapecoctavirus	prodigal-gv	11	NaN
sample3_181	NODE_181_length_1996_cov_0.126382	Liefievirus sp. ctBRQNE	1996	None	2	1	0	0	tail tape measure protein 			-_Viruses;-_Duplodnaviria;k_Heunggongvirae;p_Uroviricota;c_Caudoviricetes;-_Caudoviricetes incertae sedis;-_Gclasvirinae;g_Liefievirus	prodigal-gv	11	NaN
sample3_185	NODE_185_length_1952_cov_0.101887	Pachyviridae sp. ctLNVA2	1952	None	2	2	0	0	DNA packaging protein|Portal protein			-_Viruses;-_Duplodnaviria;k_Heunggongvirae;p_Uroviricota;c_Caudoviricetes;-_Caudoviricetes incertae sedis;f_Pachyviridae	prodigal-gv	11	NaN
sample3_189	NODE_189_length_1933_cov_0.130719	Kolesnikvirus sp. ctCPZ79	1933	None	4	3	0	0	Major Capsid protein|Virion morphogenesis family|Minor capsid protein			-_Viruses;-_Duplodnaviria;k_Heunggongvirae;p_Uroviricota;c_Caudoviricetes;-_Caudoviricetes incertae sedis;f_Andersonviridae;-_Ounavirinae;g_Kolesnikvirus	prodigal-gv	11	NaN
sample3_191	NODE_191_length_1926_cov_0.116457	Phapecoctavirus sp. ctE31PI	1926	None	2	1	0	0	tail tape measure protein 			-_Viruses;-_Duplodnaviria;k_Heunggongvirae;p_Uroviricota;c_Caudoviricetes;-_Caudoviricetes incertae sedis;-_Stephanstirmvirinae;g_Phapecoctavirus	prodigal-gv	11	NaN
sample3_197	NODE_197_length_1840_cov_0.187608	Dhakavirus sp. ctK11QO	1840	None	3	2	0	0	Major Capsid protein|capsid vertex protein			-_Viruses;-_Duplodnaviria;k_Heunggongvirae;p_Uroviricota;c_Caudoviricetes;o_Pantevenvirales;f_Straboviridae;-_Tevenvirinae;g_Dhakavirus	prodigal-gv	11	NaN
sample3_2@C0	NODE_2_length_45297_cov_0.345819	Caudoviricetes sp. ct7RYRO	45298	None	71	13	2	0	Baseplate protein |Head decoration protein |Baseplate wedge protein|tail tape measure protein |tail sheath|head closure knob|Virion morphogenesis family|head to tail adaptor|Major Capsid protein|Minor capsid component|Portal protein|Large Terminase|Terminase small subunit	primase helicase|DNA helicase		-_Viruses;-_Duplodnaviria;k_Heunggongvirae;p_Uroviricota;c_Caudoviricetes	prodigal-gv	11	NaN
sample3_201	NODE_201_length_1811_cov_0.173279	Jerseyvirus sp. ct92AFI	1811	None	4	1	1	0	Tail tube protein	DNA polymerase II, small subunit		-_Viruses;-_Duplodnaviria;k_Heunggongvirae;p_Uroviricota;c_Caudoviricetes;-_Caudoviricetes incertae sedis;f_Sarkviridae;-_Guernseyvirinae;g_Jerseyvirus	prodigal-gv	11	NaN
sample3_202	NODE_202_length_1808_cov_0.164816	Chivirus sp. ctYJ43P	1808	None	3	3	0	0	major tail protein|Minor tail protein |minor tail protein 			-_Viruses;-_Duplodnaviria;k_Heunggongvirae;p_Uroviricota;c_Caudoviricetes;-_Caudoviricetes incertae sedis;f_Casjensviridae;g_Chivirus	prodigal-gv	11	NaN
sample3_205	NODE_205_length_1781_cov_0.158551	Chivirus sp. ctB9OQJ	1781	None	2	2	0	0	Head Tail Connector Protein|Portal Protein			-_Viruses;-_Duplodnaviria;k_Heunggongvirae;p_Uroviricota;c_Caudoviricetes;-_Caudoviricetes incertae sedis;f_Casjensviridae;g_Chivirus	prodigal-gv	11	NaN
sample3_206	NODE_206_length_1771_cov_0.134409	Mohonavirus sp. ctJD7HS	1771	None	2	1	0	0	Major Capsid protein			-_Viruses;-_Duplodnaviria;k_Heunggongvirae;p_Uroviricota;c_Caudoviricetes;-_Caudoviricetes incertae sedis;g_Mohonavirus	prodigal-gv	11	NaN
sample3_208	NODE_208_length_1761_cov_0.122596	Phapecoctavirus sp. ct8C6UQ	1761	None	4	2	0	0	Virion morphogenesis family|Minor capsid protein			-_Viruses;-_Duplodnaviria;k_Heunggongvirae;p_Uroviricota;c_Caudoviricetes;-_Caudoviricetes incertae sedis;-_Stephanstirmvirinae;g_Phapecoctavirus	prodigal-gv	11	NaN
sample3_21@C0	NODE_21_length_14063_cov_0.244666	Fromanvirus sp. ct3MROM	14064	None	31	0	1	0		DNAB replicative helicase		-_Viruses;-_Duplodnaviria;k_Heunggongvirae;p_Uroviricota;c_Caudoviricetes;-_Caudoviricetes incertae sedis;g_Fromanvirus	prodigal-gv	11	NaN
sample3_211	NODE_211_length_1744_cov_0.118397	Chivirus sp. ctLPIX1	1744	None	2	1	0	0	Putative phage tail protein			-_Viruses;-_Duplodnaviria;k_Heunggongvirae;p_Uroviricota;c_Caudoviricetes;-_Caudoviricetes incertae sedis;f_Casjensviridae;g_Chivirus	prodigal-gv	11	NaN
sample3_212	NODE_212_length_1729_cov_0.185662	Peeveelvirus sp. ctILEXG	1729	None	2	1	0	0	Terminase large subunit			-_Viruses;-_Duplodnaviria;k_Heunggongvirae;p_Uroviricota;c_Caudoviricetes;-_Caudoviricetes incertae sedis;-_Bronfenbrennervirinae;g_Peeveelvirus	prodigal-gv	11	NaN
sample3_214	NODE_214_length_1713_cov_0.131807	Dhakavirus sp. ctK1RFC	1713	None	3	3	0	0	baseplate like protein|baseplate wedge tail fiber connector|baseplate wedge subunit			-_Viruses;-_Duplodnaviria;k_Heunggongvirae;p_Uroviricota;c_Caudoviricetes;o_Pantevenvirales;f_Straboviridae;-_Tevenvirinae;g_Dhakavirus	prodigal-gv	15	NaN
sample3_215	NODE_215_length_1710_cov_0.137632	Baltivirus sp. ctM0EM6	1710	None	4	1	0	0	Structural protein 			-_Viruses;-_Duplodnaviria;k_Heunggongvirae;p_Uroviricota;c_Caudoviricetes;-_Caudoviricetes incertae sedis;f_Pachyviridae;g_Baltivirus	prodigal-gv	11	NaN
sample3_217	NODE_217_length_1693_cov_0.156015	Chivirus sp. ct47QHA	1693	None	1	0	1	0		DNA helicase		-_Viruses;-_Duplodnaviria;k_Heunggongvirae;p_Uroviricota;c_Caudoviricetes;-_Caudoviricetes incertae sedis;f_Casjensviridae;g_Chivirus	prodigal-gv	11	NaN
sample3_22@C0	NODE_22_length_13987_cov_0.238805	Pakpunavirus sp. ctHPE88	13988	None	25	0	1	0		DNA polymerase		-_Viruses;-_Duplodnaviria;k_Heunggongvirae;p_Uroviricota;c_Caudoviricetes;-_Caudoviricetes incertae sedis;f_Vandenendeviridae;-_Skurskavirinae;g_Pakpunavirus	prodigal-gv	11	NaN
sample3_221	NODE_221_length_1666_cov_0.116635	Paundecimvirus sp. ct59NZX	1666	None	4	1	0	0	Tail tube protein			-_Viruses;-_Duplodnaviria;k_Heunggongvirae;p_Uroviricota;c_Caudoviricetes;-_Caudoviricetes incertae sedis;f_Zobellviridae;g_Paundecimvirus	prodigal-gv	11	NaN
sample3_222	NODE_222_length_1665_cov_0.136480	Bacelvirus sp. ctS3LNF	1665	None	2	1	1	0	Portal protein	DNA polymerase II, small subunit		-_Viruses;-_Duplodnaviria;k_Heunggongvirae;p_Uroviricota;c_Caudoviricetes;-_Caudoviricetes incertae sedis;f_Pachyviridae;g_Bacelvirus	prodigal-gv	11	NaN
sample3_224	NODE_224_length_1655_cov_0.136714	Kolesnikvirus sp. ctU9GEM	1655	None	3	1	0	0	tail sheath			-_Viruses;-_Duplodnaviria;k_Heunggongvirae;p_Uroviricota;c_Caudoviricetes;-_Caudoviricetes incertae sedis;f_Andersonviridae;-_Ounavirinae;g_Kolesnikvirus	prodigal-gv	11	NaN
sample3_225	NODE_225_length_1654_cov_0.113680	Pankowvirus sp. ct3ES6N	1654	None	4	1	0	0	minor tail protein 			-_Viruses;-_Duplodnaviria;k_Heunggongvirae;p_Uroviricota;c_Caudoviricetes;-_Caudoviricetes incertae sedis;g_Pankowvirus	prodigal-gv	11	NaN
sample3_23@C0	NODE_23_length_13759_cov_0.238764	Stopavirus sp. ctT6NU1	13760	None	19	7	0	0	Predicted internal virion protein B |internal virion protein |Phage stabilisation protein|Tail tube protein|Major Capsid Protein|Major Capsid Protein|Portal Protein			-_Viruses;-_Duplodnaviria;k_Heunggongvirae;p_Uroviricota;c_Caudoviricetes;o_Autographivirales;-_Autographivirales incertae sedis;g_Stopavirus	prodigal-gv	11	NaN
sample3_230	NODE_230_length_1626_cov_0.121648	Jerseyvirus sp. ctPTMXS	1626	None	4	1	0	0	tail length tape measure protein			-_Viruses;-_Duplodnaviria;k_Heunggongvirae;p_Uroviricota;c_Caudoviricetes;-_Caudoviricetes incertae sedis;f_Sarkviridae;-_Guernseyvirinae;g_Jerseyvirus	prodigal-gv	11	NaN
sample3_231	NODE_231_length_1623_cov_0.118611	Dhakavirus sp. ctRJ3TT	1623	None	3	3	0	0	baseplate assembly protein|baseplate hub subunit|Baseplate hub distal subunit			-_Viruses;-_Duplodnaviria;k_Heunggongvirae;p_Uroviricota;c_Caudoviricetes;o_Pantevenvirales;f_Straboviridae;-_Tevenvirinae;g_Dhakavirus	prodigal-gv	11	NaN
sample3_235	NODE_235_length_1609_cov_0.128968	Bacelvirus sp. ct69XX2	1609	None	1	1	0	0	Structural protein 			-_Viruses;-_Duplodnaviria;k_Heunggongvirae;p_Uroviricota;c_Caudoviricetes;-_Caudoviricetes incertae sedis;f_Pachyviridae;g_Bacelvirus	prodigal-gv	11	NaN
sample3_236	NODE_236_length_1598_cov_0.175883	Jerseyvirus sp. ctTBW56	1598	None	4	4	0	0	Minor capsid protein|tail component|tail completion protein|Tail tube protein			-_Viruses;-_Duplodnaviria;k_Heunggongvirae;p_Uroviricota;c_Caudoviricetes;-_Caudoviricetes incertae sedis;f_Sarkviridae;-_Guernseyvirinae;g_Jerseyvirus	prodigal-gv	11	NaN
sample3_24@C0	NODE_24_length_13376_cov_0.216131	Demerecviridae sp. ctQFH3K	13377	None	17	1	0	0	tail fibre			-_Viruses;-_Duplodnaviria;k_Heunggongvirae;p_Uroviricota;c_Caudoviricetes;-_Caudoviricetes incertae sedis;f_Demerecviridae	prodigal-gv	11	NaN
sample3_243	NODE_243_length_1562_cov_0.141297	Chivirus sp. ctWDK2K	1562	None	2	1	0	0	Tail tape measure 			-_Viruses;-_Duplodnaviria;k_Heunggongvirae;p_Uroviricota;c_Caudoviricetes;-_Caudoviricetes incertae sedis;f_Casjensviridae;g_Chivirus	prodigal-gv	11	NaN
sample3_245	NODE_245_length_1543_cov_0.122407	Dhakavirus sp. ct7KQSP	1543	None	3	1	0	0	Baseplate wedge protein			-_Viruses;-_Duplodnaviria;k_Heunggongvirae;p_Uroviricota;c_Caudoviricetes;o_Pantevenvirales;f_Straboviridae;-_Tevenvirinae;g_Dhakavirus	prodigal-gv	11	NaN
sample3_249	NODE_249_length_1530_cov_0.125611	Dhakavirus sp. ct8KA2S	1530	None	1	1	0	0	Baseplate wedge protein			-_Viruses;-_Duplodnaviria;k_Heunggongvirae;p_Uroviricota;c_Caudoviricetes;o_Pantevenvirales;f_Straboviridae;-_Tevenvirinae;g_Dhakavirus	prodigal-gv	11	NaN
sample3_25@C0	NODE_25_length_13171_cov_0.165213	Mohonavirus sp. ctE6XVW	13172	None	24	0	1	0		DNA polymerase		-_Viruses;-_Duplodnaviria;k_Heunggongvirae;p_Uroviricota;c_Caudoviricetes;-_Caudoviricetes incertae sedis;g_Mohonavirus	prodigal-gv	11	NaN
sample3_256	NODE_256_length_1506_cov_0.136267	Mohonavirus sp. ctU8F1P	1506	None	2	1	0	0	tail tape measure protein 			-_Viruses;-_Duplodnaviria;k_Heunggongvirae;p_Uroviricota;c_Caudoviricetes;-_Caudoviricetes incertae sedis;g_Mohonavirus	prodigal-gv	11	NaN
sample3_257	NODE_257_length_1501_cov_0.155983	Peeveelvirus sp. ct4JGCM	1501	None	4	2	0	0	Large Terminase|Small Terminase			-_Viruses;-_Duplodnaviria;k_Heunggongvirae;p_Uroviricota;c_Caudoviricetes;-_Caudoviricetes incertae sedis;-_Bronfenbrennervirinae;g_Peeveelvirus	prodigal-gv	11	NaN
sample3_26@C0	NODE_26_length_11155_cov_0.231597	Felixounavirus sp. ct35QIR	11156	None	16	3	0	0	Tail fiber|Virion structural protein |Baseplate wedge protein			-_Viruses;-_Duplodnaviria;k_Heunggongvirae;p_Uroviricota;c_Caudoviricetes;-_Caudoviricetes incertae sedis;f_Andersonviridae;-_Ounavirinae;g_Felixounavirus	prodigal-gv	11	NaN
sample3_264	NODE_264_length_1485_cov_0.108069	Rosenblumvirus sp. ct88KLF	1485	None	2	1	0	0	putative encapsidation protein			-_Viruses;-_Duplodnaviria;k_Heunggongvirae;p_Uroviricota;c_Caudoviricetes;-_Caudoviricetes incertae sedis;f_Rountreeviridae;-_Rakietenvirinae;g_Rosenblumvirus	prodigal-gv	11	NaN
sample3_268	NODE_268_length_1464_cov_0.241405	Kostyavirus sp. ctFDREV	1464	None	4	0	1	0		DNA polymerase B		-_Viruses;-_Duplodnaviria;k_Heunggongvirae;p_Uroviricota;c_Caudoviricetes;-_Caudoviricetes incertae sedis;g_Kostyavirus	prodigal-gv	11	NaN
sample3_269	NODE_269_length_1463_cov_0.103221	Tsarbombavirus sp. ct42E0Z	1463	None	1	1	0	0	tail sheath			-_Viruses;-_Duplodnaviria;k_Heunggongvirae;p_Uroviricota;c_Caudoviricetes;-_Caudoviricetes incertae sedis;f_Herelleviridae;-_Bastillevirinae;g_Tsarbombavirus	prodigal-gv	11	NaN
sample3_27@C0	NODE_27_length_10662_cov_0.585991	Pahexavirus sp. ctA4DP1	10663	None	14	10	0	0	tail tape measure protein |tail protein |tail completion protein|type I neck protein|head closure knob|head to tail adaptor|Major Capsid protein|minor capsid protein|Portal Protein|Large Terminase			-_Viruses;-_Duplodnaviria;k_Heunggongvirae;p_Uroviricota;c_Caudoviricetes;-_Caudoviricetes incertae sedis;g_Pahexavirus	prodigal-gv	11	NaN
sample3_276	NODE_276_length_1448_cov_0.144338	Dhakavirus sp. ctQE9YB	1448	None	2	2	0	0	Tail needle protein|Neck protein 			-_Viruses;-_Duplodnaviria;k_Heunggongvirae;p_Uroviricota;c_Caudoviricetes;o_Pantevenvirales;f_Straboviridae;-_Tevenvirinae;g_Dhakavirus	prodigal-gv	11	NaN
sample3_277	NODE_277_length_1444_cov_0.093541	Tsarbombavirus sp. ct7HVMR	1444	None	2	1	0	0	Baseplate hub assembly protein 			-_Viruses;-_Duplodnaviria;k_Heunggongvirae;p_Uroviricota;c_Caudoviricetes;-_Caudoviricetes incertae sedis;f_Herelleviridae;-_Bastillevirinae;g_Tsarbombavirus	prodigal-gv	11	NaN
sample3_278	NODE_278_length_1443_cov_0.158247	Mohonavirus sp. ctC9OHT	1443	None	3	1	0	0	tail sheath			-_Viruses;-_Duplodnaviria;k_Heunggongvirae;p_Uroviricota;c_Caudoviricetes;-_Caudoviricetes incertae sedis;g_Mohonavirus	prodigal-gv	11	NaN
sample3_28@C0	NODE_28_length_10248_cov_0.278593	Nankokuvirus sp. ct96T3K	10249	None	22	0	1	0		DNA polymerase		-_Viruses;-_Duplodnaviria;k_Heunggongvirae;p_Uroviricota;c_Caudoviricetes;-_Caudoviricetes incertae sedis;f_Vandenendeviridae;g_Nankokuvirus	prodigal-gv	11	NaN
sample3_281	NODE_281_length_1432_cov_0.105618	Felsduovirus sp. ctQU22N	1432	None	2	2	0	0	sheath tube|tail tube protein			-_Viruses;-_Duplodnaviria;k_Heunggongvirae;p_Uroviricota;c_Caudoviricetes;-_Caudoviricetes incertae sedis;f_Peduoviridae;g_Felsduovirus	prodigal-gv	11	NaN
sample3_287	NODE_287_length_1419_cov_0.093041	Dhakavirus sp. ct0NNGK	1419	None	3	1	0	0	head outer capsid protein 			-_Viruses;-_Duplodnaviria;k_Heunggongvirae;p_Uroviricota;c_Caudoviricetes;o_Pantevenvirales;f_Straboviridae;-_Tevenvirinae;g_Dhakavirus	prodigal-gv	11	NaN
sample3_290	NODE_290_length_1410_cov_0.150800	Jerseyvirus sp. ctVXUYS	1410	None	2	2	0	0	Terminase small subunit|Large Terminase			-_Viruses;-_Duplodnaviria;k_Heunggongvirae;p_Uroviricota;c_Caudoviricetes;-_Caudoviricetes incertae sedis;f_Sarkviridae;-_Guernseyvirinae;g_Jerseyvirus	prodigal-gv	11	NaN
sample3_292	NODE_292_length_1393_cov_0.127315	Peeveelvirus sp. ct0K06R	1393	None	3	3	0	0	Portal protein|Portal protein|prohead serine protease			-_Viruses;-_Duplodnaviria;k_Heunggongvirae;p_Uroviricota;c_Caudoviricetes;-_Caudoviricetes incertae sedis;-_Bronfenbrennervirinae;g_Peeveelvirus	prodigal-gv	11	NaN
sample3_293	NODE_293_length_1389_cov_0.109133	Liefievirus sp. ctIM73C	1389	None	3	2	0	0	Minor tail protein |Minor tail protein 			-_Viruses;-_Duplodnaviria;k_Heunggongvirae;p_Uroviricota;c_Caudoviricetes;-_Caudoviricetes incertae sedis;-_Gclasvirinae;g_Liefievirus	prodigal-gv	11	NaN
sample3_296	NODE_296_length_1383_cov_0.154743	Chivirus sp. ctIDVJE	1383	None	1	1	0	0	Putative phage tail protein			-_Viruses;-_Duplodnaviria;k_Heunggongvirae;p_Uroviricota;c_Caudoviricetes;-_Caudoviricetes incertae sedis;f_Casjensviridae;g_Chivirus	prodigal-gv	11	NaN
sample3_298	NODE_298_length_1381_cov_0.424455	Kostyavirus sp. ct17R20	1381	None	3	2	0	0	Portal protein|Large Terminase			-_Viruses;-_Duplodnaviria;k_Heunggongvirae;p_Uroviricota;c_Caudoviricetes;-_Caudoviricetes incertae sedis;g_Kostyavirus	prodigal-gv	11	NaN
sample3_3@C0	NODE_3_length_42818_cov_0.496290	Kilunavirus sp. ct5K3H1	42819	None	53	12	1	0	Putative phage tail protein|Minor tail protein|Tail tape measure |type I neck protein|tail completion protein|head closure knob|Head Tail Connector Protein|Major Capsid protein|minor structural protein |Portal Protein|Large Terminase|Putative terminase, small subunit 	DNA polymerase		-_Viruses;-_Duplodnaviria;k_Heunggongvirae;p_Uroviricota;c_Caudoviricetes;-_Caudoviricetes incertae sedis;-_Jondennisvirinae;g_Kilunavirus	prodigal-gv	11	NaN
sample3_30	NODE_30_length_9005_cov_0.347777	Kostyavirus sp. ctM5LKB	9005	None	5	4	0	0	tail protein|Minor tail protein |Putative structural protein |Minor tail protein 			-_Viruses;-_Duplodnaviria;k_Heunggongvirae;p_Uroviricota;c_Caudoviricetes;-_Caudoviricetes incertae sedis;g_Kostyavirus	prodigal-gv	11	NaN
sample3_306	NODE_306_length_1365_cov_0.126183	Liefievirus sp. ctVHM5K	1365	None	3	2	0	0	tail protein |Head Tail Connector Protein			-_Viruses;-_Duplodnaviria;k_Heunggongvirae;p_Uroviricota;c_Caudoviricetes;-_Caudoviricetes incertae sedis;-_Gclasvirinae;g_Liefievirus	prodigal-gv	11	NaN
sample3_307	NODE_307_length_1359_cov_0.128368	Kolesnikvirus sp. ct1KXF2	1359	None	2	1	0	0	Baseplate wedge protein			-_Viruses;-_Duplodnaviria;k_Heunggongvirae;p_Uroviricota;c_Caudoviricetes;-_Caudoviricetes incertae sedis;f_Andersonviridae;-_Ounavirinae;g_Kolesnikvirus	prodigal-gv	11	NaN
sample3_311	NODE_311_length_1351_cov_0.131579	Tsarbombavirus sp. ct7G5S0	1351	None	3	2	0	0	head to tail adaptor|Major Capsid Protein			-_Viruses;-_Duplodnaviria;k_Heunggongvirae;p_Uroviricota;c_Caudoviricetes;-_Caudoviricetes incertae sedis;f_Herelleviridae;-_Bastillevirinae;g_Tsarbombavirus	prodigal-gv	11	NaN
sample3_313	NODE_313_length_1344_cov_0.096231	Paundecimvirus sp. ctPIBFA	1344	None	3	0	1	0		DNA polymerase B		-_Viruses;-_Duplodnaviria;k_Heunggongvirae;p_Uroviricota;c_Caudoviricetes;-_Caudoviricetes incertae sedis;f_Zobellviridae;g_Paundecimvirus	prodigal-gv	11	NaN
sample3_319	NODE_319_length_1326_cov_0.095199	Phapecoctavirus sp. ct7B2JE	1326	None	1	1	0	0	Baseplate wedge protein			-_Viruses;-_Duplodnaviria;k_Heunggongvirae;p_Uroviricota;c_Caudoviricetes;-_Caudoviricetes incertae sedis;-_Stephanstirmvirinae;g_Phapecoctavirus	prodigal-gv	11	NaN
sample3_326	NODE_326_length_1300_cov_0.267664	Stopavirus sp. ctASM5A	1300	None	3	0	1	0		Helicase ATPase		-_Viruses;-_Duplodnaviria;k_Heunggongvirae;p_Uroviricota;c_Caudoviricetes;o_Autographivirales;-_Autographivirales incertae sedis;g_Stopavirus	prodigal-gv	11	NaN
sample3_327	NODE_327_length_1298_cov_0.133222	Chivirus sp. ct2D4LU	1298	None	3	2	0	0	capsid protein|Tail attachment protein			-_Viruses;-_Duplodnaviria;k_Heunggongvirae;p_Uroviricota;c_Caudoviricetes;-_Caudoviricetes incertae sedis;f_Casjensviridae;g_Chivirus	prodigal-gv	11	NaN
sample3_33	NODE_33_length_8581_cov_0.145450	Chivirus sp. ct88JJL	8581	None	15	1	0	0	virion protein			-_Viruses;-_Duplodnaviria;k_Heunggongvirae;p_Uroviricota;c_Caudoviricetes;-_Caudoviricetes incertae sedis;f_Casjensviridae;g_Chivirus	prodigal-gv	11	NaN
sample3_332	NODE_332_length_1287_cov_0.110924	Axomammavirus sp. ctLXBM5	1287	None	1	1	0	0	putative internal virion protein; 			-_Viruses;-_Duplodnaviria;k_Heunggongvirae;p_Uroviricota;c_Caudoviricetes;o_Autographivirales;f_Autosignataviridae;-_Molineuxvirinae;g_Axomammavirus	prodigal-gv	11	NaN
sample3_336	NODE_336_length_1280_cov_0.360947	Kostyavirus sp. ctPJ7T1	1280	None	2	1	0	0	major tail protein			-_Viruses;-_Duplodnaviria;k_Heunggongvirae;p_Uroviricota;c_Caudoviricetes;-_Caudoviricetes incertae sedis;g_Kostyavirus	prodigal-gv	11	NaN
sample3_34	NODE_34_length_8565_cov_0.253425	Kostyavirus sp. ctM3V1R	8565	None	8	3	0	0	Putative structural protein |Putative structural protein |Putative structural protein 			-_Viruses;-_Duplodnaviria;k_Heunggongvirae;p_Uroviricota;c_Caudoviricetes;-_Caudoviricetes incertae sedis;g_Kostyavirus	prodigal-gv	11	NaN
sample3_340	NODE_340_length_1270_cov_0.364024	Kostyavirus sp. ctIFQ2S	1270	None	3	2	0	0	tail tape measure protein |Tail assembly chaperone			-_Viruses;-_Duplodnaviria;k_Heunggongvirae;p_Uroviricota;c_Caudoviricetes;-_Caudoviricetes incertae sedis;g_Kostyavirus	prodigal-gv	11	NaN
sample3_343	NODE_343_length_1262_cov_0.113305	Axomammavirus sp. ctP2R25	1262	None	1	1	0	0	Head Tail Connector Protein			-_Viruses;-_Duplodnaviria;k_Heunggongvirae;p_Uroviricota;c_Caudoviricetes;o_Autographivirales;f_Autosignataviridae;-_Molineuxvirinae;g_Axomammavirus	prodigal-gv	11	NaN
sample3_346	NODE_346_length_1253_cov_0.114187	Caudoviricetes sp. ctN6QSA	1253	None	3	2	0	0	Head Tail Connector protein|Head Tail Connector protein			-_Viruses;-_Duplodnaviria;k_Heunggongvirae;p_Uroviricota;c_Caudoviricetes	prodigal-gv	11	NaN
sample3_348	NODE_348_length_1248_cov_0.135534	Dhakavirus sp. ct2XIVY	1248	None	2	0	1	0		DNA helicase		-_Viruses;-_Duplodnaviria;k_Heunggongvirae;p_Uroviricota;c_Caudoviricetes;o_Pantevenvirales;f_Straboviridae;-_Tevenvirinae;g_Dhakavirus	prodigal-gv	11	NaN
sample3_35	NODE_35_length_8551_cov_1.222143	Saetivirus sp. ct2XBGZ	8551	None	11	3	1	0	major coat protein|minor coat protein|Zonular occludens toxin (Zot)	Rep protein		-_Viruses;-_Floreoviria;k_Loebvirae;p_Hofneiviricota;c_Faserviricetes;o_Tubulavirales;f_Inoviridae;g_Saetivirus	prodigal-gv	11	NaN
sample3_353	NODE_353_length_1231_cov_0.116402	Dhakavirus sp. ct1Q62K	1231	None	3	3	0	0	Tail connector protein|small terminase|DNA packaging protein			-_Viruses;-_Duplodnaviria;k_Heunggongvirae;p_Uroviricota;c_Caudoviricetes;o_Pantevenvirales;f_Straboviridae;-_Tevenvirinae;g_Dhakavirus	prodigal-gv	11	NaN
sample3_357	NODE_357_length_1219_cov_0.096257	Nitunavirus sp. ct9FRAC	1219	None	1	0	1	0		Replication initiator A family protein		-_Viruses;-_Duplodnaviria;k_Heunggongvirae;p_Uroviricota;c_Caudoviricetes;-_Caudoviricetes incertae sedis;f_Herelleviridae;-_Bastillevirinae;g_Nitunavirus	prodigal-gv	11	NaN
sample3_358	NODE_358_length_1218_cov_0.179304	Jerseyvirus sp. ctNL58B	1218	None	2	0	1	0		replicative DNA helicase		-_Viruses;-_Duplodnaviria;k_Heunggongvirae;p_Uroviricota;c_Caudoviricetes;-_Caudoviricetes incertae sedis;f_Sarkviridae;-_Guernseyvirinae;g_Jerseyvirus	prodigal-gv	11	NaN
sample3_371	NODE_371_length_1185_cov_0.104779	Caudoviricetes sp. ctEC1VH	1185	None	2	0	1	0		Replicative helicase DnaG Primase		-_Viruses;-_Duplodnaviria;k_Heunggongvirae;p_Uroviricota;c_Caudoviricetes	prodigal-gv	11	NaN
sample3_373	NODE_373_length_1177_cov_0.144444	Bacelvirus sp. ctEPLAH	1177	None	2	1	0	0	Structural protein 			-_Viruses;-_Duplodnaviria;k_Heunggongvirae;p_Uroviricota;c_Caudoviricetes;-_Caudoviricetes incertae sedis;f_Pachyviridae;g_Bacelvirus	prodigal-gv	11	NaN
sample3_374	NODE_374_length_1175_cov_0.164193	Dhakavirus sp. ct2JA9D	1175	None	2	1	0	0	Major Capsid Protein			-_Viruses;-_Duplodnaviria;k_Heunggongvirae;p_Uroviricota;c_Caudoviricetes;o_Pantevenvirales;f_Straboviridae;-_Tevenvirinae;g_Dhakavirus	prodigal-gv	11	NaN
sample3_376	NODE_376_length_1170_cov_0.136999	Caudoviricetes sp. ct3HN0I	1170	None	3	2	0	0	tail fibre assembly protein|Long tail fiber			-_Viruses;-_Duplodnaviria;k_Heunggongvirae;p_Uroviricota;c_Caudoviricetes	prodigal-gv	11	NaN
sample3_383	NODE_383_length_1146_cov_0.117255	Chivirus sp. ctUNBFT	1146	None	2	1	0	0	Minor tail protein			-_Viruses;-_Duplodnaviria;k_Heunggongvirae;p_Uroviricota;c_Caudoviricetes;-_Caudoviricetes incertae sedis;f_Casjensviridae;g_Chivirus	prodigal-gv	11	NaN
sample3_389	NODE_389_length_1121_cov_0.102539	Axomammavirus sp. ctV7T7G	1121	None	3	1	0	0	Small terminase subunit 			-_Viruses;-_Duplodnaviria;k_Heunggongvirae;p_Uroviricota;c_Caudoviricetes;o_Autographivirales;f_Autosignataviridae;-_Molineuxvirinae;g_Axomammavirus	prodigal-gv	11	NaN
sample3_39	NODE_39_length_7738_cov_0.276534	Felixounavirus sp. ctOYXFL	7738	None	16	2	0	0	head outer capsid protein |Putative ATPase subunit of terminase			-_Viruses;-_Duplodnaviria;k_Heunggongvirae;p_Uroviricota;c_Caudoviricetes;-_Caudoviricetes incertae sedis;f_Andersonviridae;-_Ounavirinae;g_Felixounavirus	prodigal-gv	11	NaN
sample3_391	NODE_391_length_1120_cov_0.107527	Tsarbombavirus sp. ct4DMLA	1120	None	2	1	0	0	Tail assembly chaperone 			-_Viruses;-_Duplodnaviria;k_Heunggongvirae;p_Uroviricota;c_Caudoviricetes;-_Caudoviricetes incertae sedis;f_Herelleviridae;-_Bastillevirinae;g_Tsarbombavirus	prodigal-gv	11	NaN
sample3_4@C0	NODE_4_length_39995_cov_0.319289	unclassified virus sp. ctRQYP1	39996	None	56	16	0	0	Small Terminase|Large Terminase|Portal Protein|prohead serine protease|Major Capsid Protein|Head Tail Connector Protein|Head Tail Connector protein|tail component|tail component|Tail tube protein|Tail length tape measure protein|minor tail protein|minor tail protein |tail assembly protein I|tail protein|Tail protein			unclassified virus	prodigal-gv	11	NaN
sample3_401	NODE_401_length_1104_cov_0.098312	Tsarbombavirus sp. ct7YNLU	1104	None	2	1	0	0	major tail protein			-_Viruses;-_Duplodnaviria;k_Heunggongvirae;p_Uroviricota;c_Caudoviricetes;-_Caudoviricetes incertae sedis;f_Herelleviridae;-_Bastillevirinae;g_Tsarbombavirus	prodigal-gv	11	NaN
sample3_403	NODE_403_length_1100_cov_0.122632	Kolesnikvirus sp. ctK6T8U	1100	None	2	0	1	0		DNA polymerase		-_Viruses;-_Duplodnaviria;k_Heunggongvirae;p_Uroviricota;c_Caudoviricetes;-_Caudoviricetes incertae sedis;f_Andersonviridae;-_Ounavirinae;g_Kolesnikvirus	prodigal-gv	11	NaN
sample3_405	NODE_405_length_1097_cov_0.174000	Chivirus sp. ctETS5S	1097	None	1	1	0	0	Large Terminase			-_Viruses;-_Duplodnaviria;k_Heunggongvirae;p_Uroviricota;c_Caudoviricetes;-_Caudoviricetes incertae sedis;f_Casjensviridae;g_Chivirus	prodigal-gv	11	NaN
sample3_407	NODE_407_length_1093_cov_0.271084	Felixounavirus sp. ct2OM76	1093	None	2	1	0	0	tail protein			-_Viruses;-_Duplodnaviria;k_Heunggongvirae;p_Uroviricota;c_Caudoviricetes;-_Caudoviricetes incertae sedis;f_Andersonviridae;-_Ounavirinae;g_Felixounavirus	prodigal-gv	11	NaN
sample3_412	NODE_412_length_1083_cov_0.173428	Pbunavirus sp. ctNV2D1	1083	None	2	2	0	0	Virion morphogenesis family|tail completion protein			-_Viruses;-_Duplodnaviria;k_Heunggongvirae;p_Uroviricota;c_Caudoviricetes;-_Caudoviricetes incertae sedis;f_Lindbergviridae;g_Pbunavirus	prodigal-gv	11	NaN
sample3_415	NODE_415_length_1076_cov_0.119510	Tsarbombavirus sp. ct2EMHS	1076	None	2	2	0	0	Baseplate wedge protein|Baseplate J like protein			-_Viruses;-_Duplodnaviria;k_Heunggongvirae;p_Uroviricota;c_Caudoviricetes;-_Caudoviricetes incertae sedis;f_Herelleviridae;-_Bastillevirinae;g_Tsarbombavirus	prodigal-gv	11	NaN
sample3_416	NODE_416_length_1075_cov_0.128834	Pbunavirus sp. ctK1KLK	1075	None	3	1	0	0	Minor capsid component			-_Viruses;-_Duplodnaviria;k_Heunggongvirae;p_Uroviricota;c_Caudoviricetes;-_Caudoviricetes incertae sedis;f_Lindbergviridae;g_Pbunavirus	prodigal-gv	11	NaN
sample3_419	NODE_419_length_1072_cov_0.092308	Kayvirus sp. ct81J9P	1072	None	1	1	0	0	ORF68; Putative receptor binding protein			-_Viruses;-_Duplodnaviria;k_Heunggongvirae;p_Uroviricota;c_Caudoviricetes;-_Caudoviricetes incertae sedis;f_Herelleviridae;-_Twortvirinae;g_Kayvirus	prodigal-gv	11	NaN
sample3_42	NODE_42_length_7515_cov_0.374494	Kostyavirus sp. ctNJH4C	7515	None	19	0	1	0		DNA polymerase B		-_Viruses;-_Duplodnaviria;k_Heunggongvirae;p_Uroviricota;c_Caudoviricetes;-_Caudoviricetes incertae sedis;g_Kostyavirus	prodigal-gv	11	NaN
sample3_420	NODE_420_length_1070_cov_0.101747	Tsarbombavirus sp. ct6AIVS	1070	None	2	1	0	0	Baseplate wedge protein			-_Viruses;-_Duplodnaviria;k_Heunggongvirae;p_Uroviricota;c_Caudoviricetes;-_Caudoviricetes incertae sedis;f_Herelleviridae;-_Bastillevirinae;g_Tsarbombavirus	prodigal-gv	11	NaN
sample3_43	NODE_43_length_7189_cov_0.179357	Mohonavirus sp. ctBFMEO	7189	None	14	0	1	0		DNA Polymerase I		-_Viruses;-_Duplodnaviria;k_Heunggongvirae;p_Uroviricota;c_Caudoviricetes;-_Caudoviricetes incertae sedis;g_Mohonavirus	prodigal-gv	11	NaN
sample3_431	NODE_431_length_1053_cov_0.128661	Rosenblumvirus sp. ctM2EDL	1053	None	2	1	0	0	ORF68; Putative receptor binding protein			-_Viruses;-_Duplodnaviria;k_Heunggongvirae;p_Uroviricota;c_Caudoviricetes;-_Caudoviricetes incertae sedis;f_Rountreeviridae;-_Rakietenvirinae;g_Rosenblumvirus	prodigal-gv	11	NaN
sample3_436	NODE_436_length_1042_cov_0.137566	Felsduovirus sp. ctKW13T	1042	None	2	1	0	0	capsid scaffolding protein serine peptidase			-_Viruses;-_Duplodnaviria;k_Heunggongvirae;p_Uroviricota;c_Caudoviricetes;-_Caudoviricetes incertae sedis;f_Peduoviridae;g_Felsduovirus	prodigal-gv	11	NaN
sample3_437	NODE_437_length_1042_cov_0.133333	Caudoviricetes sp. ctSU0JL	1042	None	3	1	0	0	Portal protein			-_Viruses;-_Duplodnaviria;k_Heunggongvirae;p_Uroviricota;c_Caudoviricetes	prodigal-gv	11	NaN
sample3_44	NODE_44_length_6866_cov_0.422514	Kostyavirus sp. ctJ02G2	6866	None	18	0	2	0		phage replisome organiser|Helicase ATPase		-_Viruses;-_Duplodnaviria;k_Heunggongvirae;p_Uroviricota;c_Caudoviricetes;-_Caudoviricetes incertae sedis;g_Kostyavirus	prodigal-gv	11	NaN
sample3_441	NODE_441_length_1039_cov_0.079618	Axomammavirus sp. ctM4LCV	1039	None	1	1	0	0	Phage stabilisation protein			-_Viruses;-_Duplodnaviria;k_Heunggongvirae;p_Uroviricota;c_Caudoviricetes;o_Autographivirales;f_Autosignataviridae;-_Molineuxvirinae;g_Axomammavirus	prodigal-gv	11	NaN
sample3_442	NODE_442_length_1038_cov_0.127524	Paundecimvirus sp. ctNRHJR	1038	None	1	1	0	0	Head Tail Connector protein			-_Viruses;-_Duplodnaviria;k_Heunggongvirae;p_Uroviricota;c_Caudoviricetes;-_Caudoviricetes incertae sedis;f_Zobellviridae;g_Paundecimvirus	prodigal-gv	11	NaN
sample3_443	NODE_443_length_1036_cov_0.124601	Bacelvirus sp. ctL3W6V	1036	None	2	2	0	0	Structural protein |Structural protein 			-_Viruses;-_Duplodnaviria;k_Heunggongvirae;p_Uroviricota;c_Caudoviricetes;-_Caudoviricetes incertae sedis;f_Pachyviridae;g_Bacelvirus	prodigal-gv	11	NaN
sample3_45	NODE_45_length_6822_cov_0.412788	Fibrovirus sp. ct3MQZJ	6822	None	11	3	1	0	Major capsid protein |putative minor coat protein|Zonular occludens toxin (Zot)	Replication initiation factor		-_Viruses;-_Floreoviria;k_Loebvirae;p_Hofneiviricota;c_Faserviricetes;o_Tubulavirales;f_Inoviridae;g_Fibrovirus	prodigal-gv	11	NaN
sample3_456	NODE_456_length_1012_cov_0.127869	Tsarbombavirus sp. ctJPQDH	1012	None	1	1	0	0	Minor structural protein 			-_Viruses;-_Duplodnaviria;k_Heunggongvirae;p_Uroviricota;c_Caudoviricetes;-_Caudoviricetes incertae sedis;f_Herelleviridae;-_Bastillevirinae;g_Tsarbombavirus	prodigal-gv	11	NaN
sample3_457	NODE_457_length_1011_cov_0.111597	Felsduovirus sp. ctLE53K	1011	None	3	1	0	0	Virion morphogenesis family			-_Viruses;-_Duplodnaviria;k_Heunggongvirae;p_Uroviricota;c_Caudoviricetes;-_Caudoviricetes incertae sedis;f_Peduoviridae;g_Felsduovirus	prodigal-gv	11	NaN
sample3_46	NODE_46_length_6818_cov_0.227198	Limdunavirus sp. ct2WUA3	6818	None	8	2	1	0	Putative terminase small subunit |Large Terminase	DNA polymerase		-_Viruses;-_Duplodnaviria;k_Heunggongvirae;p_Uroviricota;c_Caudoviricetes;-_Caudoviricetes incertae sedis;-_Mccleskeyvirinae;g_Limdunavirus	prodigal-gv	11	NaN
sample3_461	NODE_461_length_1006_cov_0.079208	Axomammavirus sp. ctA0JDW	1006	None	2	1	0	0	Terminase			-_Viruses;-_Duplodnaviria;k_Heunggongvirae;p_Uroviricota;c_Caudoviricetes;o_Autographivirales;f_Autosignataviridae;-_Molineuxvirinae;g_Axomammavirus	prodigal-gv	11	NaN
sample3_462	NODE_462_length_1005_cov_0.118943	Axomammavirus sp. ctBEKV6	1005	None	1	1	0	0	Major Capsid Protein			-_Viruses;-_Duplodnaviria;k_Heunggongvirae;p_Uroviricota;c_Caudoviricetes;o_Autographivirales;f_Autosignataviridae;-_Molineuxvirinae;g_Axomammavirus	prodigal-gv	11	NaN
sample3_464	NODE_464_length_1004_cov_0.113561	Aguilavirus sp. ctLE4Z0	1004	None	2	0	1	0		DNAB Like Replicative Helicase		-_Viruses;-_Duplodnaviria;k_Heunggongvirae;p_Uroviricota;c_Caudoviricetes;-_Caudoviricetes incertae sedis;g_Aguilavirus	prodigal-gv	11	NaN
sample3_466	NODE_466_length_1002_cov_0.124862	Bacelvirus sp. ctVWVVN	1002	None	1	1	0	0	Structural protein 			-_Viruses;-_Duplodnaviria;k_Heunggongvirae;p_Uroviricota;c_Caudoviricetes;-_Caudoviricetes incertae sedis;f_Pachyviridae;g_Bacelvirus	prodigal-gv	11	NaN
sample3_467	NODE_467_length_1001_cov_0.119469	Phapecoctavirus sp. ct3QRXC	1001	None	2	1	0	0	Tailspike protein			-_Viruses;-_Duplodnaviria;k_Heunggongvirae;p_Uroviricota;c_Caudoviricetes;-_Caudoviricetes incertae sedis;-_Stephanstirmvirinae;g_Phapecoctavirus	prodigal-gv	11	NaN
sample3_468	NODE_468_length_1001_cov_0.099558	Paundecimvirus sp. ctQUB8T	1001	None	1	1	0	0	Large Terminase			-_Viruses;-_Duplodnaviria;k_Heunggongvirae;p_Uroviricota;c_Caudoviricetes;-_Caudoviricetes incertae sedis;f_Zobellviridae;g_Paundecimvirus	prodigal-gv	11	NaN
sample3_47	NODE_47_length_6805_cov_0.711688	Suturavirus sp. ctY20FZ	6805	None	14	2	1	0	Zonular occludens toxin (Zot)|Zonular occludens toxin (Zot)	Rep protein		-_Viruses;-_Floreoviria;k_Loebvirae;p_Hofneiviricota;c_Faserviricetes;o_Tubulavirales;f_Plectroviridae;g_Suturavirus	prodigal-gv	4	NaN
sample3_48	NODE_48_length_6256_cov_0.209612	Stopavirus sp. ctWXJ4O	6256	None	7	0	1	0		DNA polymerase		-_Viruses;-_Duplodnaviria;k_Heunggongvirae;p_Uroviricota;c_Caudoviricetes;o_Autographivirales;-_Autographivirales incertae sedis;g_Stopavirus	prodigal-gv	11	NaN
sample3_49	NODE_49_length_6242_cov_0.157689	Mohonavirus sp. ctFOOPI	6242	None	7	4	0	0	Major Capsid protein|Putative phage serine protease XkdF|Portal protein|Large Terminase			-_Viruses;-_Duplodnaviria;k_Heunggongvirae;p_Uroviricota;c_Caudoviricetes;-_Caudoviricetes incertae sedis;g_Mohonavirus	prodigal-gv	11	NaN
sample3_5@C0	NODE_5_length_38654_cov_0.513785	Aquingentivirus sp. ctYGGXB	38655	None	62	17	1	0	Small Terminase|Large Terminase|Portal protein|minor capsid protein|minor structural protein|Major Capsid protein|Head Tail Connector Protein|Minor capsid protein|Minor capsid protein|Minor capsid protein|tail tube protein|tail tape measure protein |Distal Tail Protein|tail protein|Minor structural protein|Distal Tail protein|Large Terminase	replisome organiser		-_Viruses;-_Duplodnaviria;k_Heunggongvirae;p_Uroviricota;c_Caudoviricetes;-_Caudoviricetes incertae sedis;g_Aquingentivirus	prodigal-gv	11	NaN
sample3_50	NODE_50_length_6090_cov_0.232104	Limmatquaivirus sp. ct03XKE	6090	None	9	7	0	0	Minor tail protein |tail assembly chaperone|head outer capsid protein |Minor tail protein |minor tail protein|head closure knob|Major Capsid Protein			-_Viruses;-_Duplodnaviria;k_Heunggongvirae;p_Uroviricota;c_Caudoviricetes;f_Zimmerviridae;-_Wollmanvirinae;g_Limmatquaivirus	prodigal-gv	11	NaN
sample3_51	NODE_51_length_6084_cov_3.097545	Alphatrevirus sp. ctP5B1T	6084	None	10	4	1	0	Pilot protein|Major Capsid Protein|Major Capsid Protein|Scaffold protein	Rep protein		-_Viruses;-_Floreoviria;k_Sangervirae;p_Phixviricota;c_Microviricetes;o_Bullavirales;f_Eubullaviridae;g_Alphatrevirus	prodigal-gv	11	NaN
sample3_55	NODE_55_length_5880_cov_0.381809	Kostyavirus sp. ct54GJS	5880	None	9	7	0	0	major tail protein|tail completion protein|type I neck protein|Minor capsid protein|head to tail adaptor|Major Capsid Protein|Portal protein			-_Viruses;-_Duplodnaviria;k_Heunggongvirae;p_Uroviricota;c_Caudoviricetes;-_Caudoviricetes incertae sedis;g_Kostyavirus	prodigal-gv	11	NaN
sample3_56	NODE_56_length_5463_cov_0.292024	Phietavirus sp. ctZ30R7	5463	None	12	0	2	0		phage replisome organiser|Replicative helicase		-_Viruses;-_Duplodnaviria;k_Heunggongvirae;p_Uroviricota;c_Caudoviricetes;-_Caudoviricetes incertae sedis;-_Azeredovirinae;g_Phietavirus	prodigal-gv	11	NaN
sample3_57	NODE_57_length_5461_cov_0.333706	Parhipatevirus sp. ctWJK4S	5461	None	9	4	1	0	Filamenous Major Coat protein|Filamentous Major Coat protein|Minor Head Virion Protein|Zonular occludens toxin (Zot)	Replication initiation factor		-_Viruses;-_Floreoviria;k_Loebvirae;p_Hofneiviricota;c_Faserviricetes;o_Tubulavirales;f_Inoviridae;g_Parhipatevirus	prodigal-gv	11	NaN
sample3_6@C0	NODE_6_length_27135_cov_0.276167	Nankokuvirus sp. ctAQHAX	27136	None	57	1	0	0	Large Terminase			-_Viruses;-_Duplodnaviria;k_Heunggongvirae;p_Uroviricota;c_Caudoviricetes;-_Caudoviricetes incertae sedis;f_Vandenendeviridae;g_Nankokuvirus	prodigal-gv	11	NaN
sample3_60	NODE_60_length_5232_cov_0.128919	Liefievirus sp. ctIDK9M	5232	None	7	4	0	0	Minor capsid protein|Major Capsid protein|head to tail adaptor|Minor capsid protein			-_Viruses;-_Duplodnaviria;k_Heunggongvirae;p_Uroviricota;c_Caudoviricetes;-_Caudoviricetes incertae sedis;-_Gclasvirinae;g_Liefievirus	prodigal-gv	11	NaN
sample3_61	NODE_61_length_5180_cov_0.233524	Limmatquaivirus sp. ctG9Q4Z	5180	None	6	4	0	0	tail protein|tail assembly protein I|minor tail protein |minor tail protein			-_Viruses;-_Duplodnaviria;k_Heunggongvirae;p_Uroviricota;c_Caudoviricetes;f_Zimmerviridae;-_Wollmanvirinae;g_Limmatquaivirus	prodigal-gv	11	NaN
sample3_62	NODE_62_length_5164_cov_0.219854	Caudoviricetes sp. ctEWGY1	5164	None	5	3	0	0	Large Terminase|head to tail adaptor|Major Capsid protein			-_Viruses;-_Duplodnaviria;k_Heunggongvirae;p_Uroviricota;c_Caudoviricetes	prodigal-gv	11	NaN
sample3_64	NODE_64_length_4856_cov_0.230721	Limdunavirus sp. ctLWLSY	4856	None	8	4	0	0	tail tape measure protein |major tail protein|Structural protein |Tail protein			-_Viruses;-_Duplodnaviria;k_Heunggongvirae;p_Uroviricota;c_Caudoviricetes;-_Caudoviricetes incertae sedis;-_Mccleskeyvirinae;g_Limdunavirus	prodigal-gv	11	NaN
sample3_66	NODE_66_length_4791_cov_0.190456	Caudoviricetes sp. ctDHZRW	4791	None	5	2	0	0	tail protein|tail fibre			-_Viruses;-_Duplodnaviria;k_Heunggongvirae;p_Uroviricota;c_Caudoviricetes	prodigal-gv	11	NaN
sample3_67	NODE_67_length_4759_cov_0.144144	Peeveelvirus sp. ctEAZLV	4759	None	9	5	0	0	Major Capsid protein|uncharacterized phage protein (possible DNA packaging)|Head tail adaptor|type I neck protein|tail component			-_Viruses;-_Duplodnaviria;k_Heunggongvirae;p_Uroviricota;c_Caudoviricetes;-_Caudoviricetes incertae sedis;-_Bronfenbrennervirinae;g_Peeveelvirus	prodigal-gv	11	NaN
sample3_69	NODE_69_length_4448_cov_0.321765	Kostyavirus sp. ctYHYL0	4448	None	9	2	0	0	Small Terminase|Large Terminase			-_Viruses;-_Duplodnaviria;k_Heunggongvirae;p_Uroviricota;c_Caudoviricetes;-_Caudoviricetes incertae sedis;g_Kostyavirus	prodigal-gv	11	NaN
sample3_7@C0	NODE_7_length_26683_cov_0.246220	Pakpunavirus sp. ctTS7EC	26684	None	37	13	0	0	Portal Protein|Putative phage serine protease XkdF|Head decoration protein|Major Capsid protein|Virion morphogenesis family|Minor capsid protein|tail sheath|tail tape measure protein |tail protein|Baseplate wedge protein|tail fiber protein|Baseplate protein |Tail fiber protein			-_Viruses;-_Duplodnaviria;k_Heunggongvirae;p_Uroviricota;c_Caudoviricetes;-_Caudoviricetes incertae sedis;f_Vandenendeviridae;-_Skurskavirinae;g_Pakpunavirus	prodigal-gv	11	NaN
sample3_70	NODE_70_length_4423_cov_0.254276	Gokushovirales sp. ctKQGWU	4423	None	7	3	1	0	Capsid protein|Minor capsid protein |capsid scaffold	Rep protein		-_Viruses;-_Floreoviria;k_Sangervirae;p_Phixviricota;c_Microviricetes;o_Gokushovirales	prodigal-gv	11	NaN
sample3_71	NODE_71_length_4379_cov_0.230500	Limdunavirus sp. ctHMDSZ	4379	None	8	2	0	0	Receptor Binding Protein|Baseplate protein 			-_Viruses;-_Duplodnaviria;k_Heunggongvirae;p_Uroviricota;c_Caudoviricetes;-_Caudoviricetes incertae sedis;-_Mccleskeyvirinae;g_Limdunavirus	prodigal-gv	11	NaN
sample3_73	NODE_73_length_4295_cov_0.156980	Dhakavirus sp. ctDSNF2	4295	None	13	3	0	0	Capsid vertex protein|Major Capsid Protein|Minor capsid protein 			-_Viruses;-_Duplodnaviria;k_Heunggongvirae;p_Uroviricota;c_Caudoviricetes;o_Pantevenvirales;f_Straboviridae;-_Tevenvirinae;g_Dhakavirus	prodigal-gv	11	NaN
sample3_74	NODE_74_length_4269_cov_0.159636	Jerseyvirus sp. ctCH63T	4269	None	8	3	0	0	Major Capsid Protein|Major Capsid Protein|Yqbg Putative Head Tail Connector Protein			-_Viruses;-_Duplodnaviria;k_Heunggongvirae;p_Uroviricota;c_Caudoviricetes;-_Caudoviricetes incertae sedis;f_Sarkviridae;-_Guernseyvirinae;g_Jerseyvirus	prodigal-gv	11	NaN
sample3_8@C2	NODE_8_length_26199_cov_0.521378	Schmidvirus sp. ct2QJYW	7911	None	9	0	2	0		DNAB Like Replicative Helicase|DNA polymerase B		-_Viruses;-_Duplodnaviria;k_Heunggongvirae;p_Uroviricota;c_Caudoviricetes;-_Caudoviricetes incertae sedis;g_Schmidvirus	prodigal-gv	11	NaN
sample3_8@C0	NODE_8_length_26199_cov_0.521378	Schmidvirus sp. ct4SKZT	13263	None	18	3	0	0	Large Terminase|Portal protein|Major Capsid protein			-_Viruses;-_Duplodnaviria;k_Heunggongvirae;p_Uroviricota;c_Caudoviricetes;-_Caudoviricetes incertae sedis;g_Schmidvirus	prodigal-gv	11	NaN
sample3_80	NODE_80_length_4008_cov_0.136538	Dhakavirus sp. ctX1Y4I	4008	None	7	4	0	0	Prohead core protein protease|Prohead core protein|portal vertex protein|Baseplate wedge protein			-_Viruses;-_Duplodnaviria;k_Heunggongvirae;p_Uroviricota;c_Caudoviricetes;o_Pantevenvirales;f_Straboviridae;-_Tevenvirinae;g_Dhakavirus	prodigal-gv	11	NaN
sample3_82	NODE_82_length_3818_cov_0.222790	Limdunavirus sp. ct1QAX1	3818	None	4	4	0	0	Large Terminase|Portal protein|phage prohead protease|Major Capsid protein			-_Viruses;-_Duplodnaviria;k_Heunggongvirae;p_Uroviricota;c_Caudoviricetes;-_Caudoviricetes incertae sedis;-_Mccleskeyvirinae;g_Limdunavirus	prodigal-gv	11	NaN
sample3_85	NODE_85_length_3792_cov_0.270365	Stopavirus sp. ctOLX1S	3792	None	8	2	0	0	DNA packaging protein|Large Terminase			-_Viruses;-_Duplodnaviria;k_Heunggongvirae;p_Uroviricota;c_Caudoviricetes;o_Autographivirales;-_Autographivirales incertae sedis;g_Stopavirus	prodigal-gv	11	NaN
sample3_86	NODE_86_length_3710_cov_0.145862	Dhakavirus sp. ct8EF51	3710	None	8	2	0	0	DNA packaging protein|internal head protein 			-_Viruses;-_Duplodnaviria;k_Heunggongvirae;p_Uroviricota;c_Caudoviricetes;o_Pantevenvirales;f_Straboviridae;-_Tevenvirinae;g_Dhakavirus	prodigal-gv	11	NaN
sample3_87	NODE_87_length_3708_cov_0.225976	Cebevirus sp. ctELU2J	3708	None	3	1	0	1	Capsid protein		RNA dependent RNA polymerase	-_Viruses;-_Riboviria;k_Orthornavirae;p_Lenarviricota;c_Leviviricetes;o_Timlovirales;f_Steitzviridae;g_Cebevirus	prodigal-gv	11	NaN
sample3_88	NODE_88_length_3661_cov_0.138047	Jerseyvirus sp. ct9DAYY	3661	None	9	0	1	0		replicative DNA helicase		-_Viruses;-_Duplodnaviria;k_Heunggongvirae;p_Uroviricota;c_Caudoviricetes;-_Caudoviricetes incertae sedis;f_Sarkviridae;-_Guernseyvirinae;g_Jerseyvirus	prodigal-gv	11	NaN
sample3_9@C0	NODE_9_length_26136_cov_0.576712	Pahexavirus sp. ctNP0GT	26137	None	41	11	2	0	Portal Protein|minor capsid protein|Major Capsid protein|head to tail adaptor|head closure knob|type I neck protein|tail completion protein|major tail protein|tail tape measure protein |tail protein|Minor capsid protein	DNA polymerase II, small subunit|DNAB replicative helicase		-_Viruses;-_Duplodnaviria;k_Heunggongvirae;p_Uroviricota;c_Caudoviricetes;-_Caudoviricetes incertae sedis;g_Pahexavirus	prodigal-gv	11	NaN
sample3_91	NODE_91_length_3534_cov_0.179808	Jerseyvirus sp. ct3E2RU	3534	None	5	2	0	0	tail length tape measure protein|tail assembly chaperone			-_Viruses;-_Duplodnaviria;k_Heunggongvirae;p_Uroviricota;c_Caudoviricetes;-_Caudoviricetes incertae sedis;f_Sarkviridae;-_Guernseyvirinae;g_Jerseyvirus	prodigal-gv	11	NaN
sample3_92	NODE_92_length_3534_cov_0.149258	Caudoviricetes sp. ctQOPNI	3534	None	6	4	0	0	Tail length tape measure protein|Tail tube protein|tail component|tail component			-_Viruses;-_Duplodnaviria;k_Heunggongvirae;p_Uroviricota;c_Caudoviricetes	prodigal-gv	11	NaN
sample3_94	NODE_94_length_3495_cov_0.153620	Pankowvirus sp. ctC2YTJ	3495	None	6	0	1	0		Replication protein O		-_Viruses;-_Duplodnaviria;k_Heunggongvirae;p_Uroviricota;c_Caudoviricetes;-_Caudoviricetes incertae sedis;g_Pankowvirus	prodigal-gv	11	NaN
sample3_97	NODE_97_length_3393_cov_0.167172	Mohonavirus sp. ct52R3E	3393	None	5	1	0	0	Baseplate wedge protein			-_Viruses;-_Duplodnaviria;k_Heunggongvirae;p_Uroviricota;c_Caudoviricetes;-_Caudoviricetes incertae sedis;g_Mohonavirus	prodigal-gv	11	NaN
sample3_98	NODE_98_length_3389_cov_0.143985	Jerseyvirus sp. ctGXRML	3389	None	2	2	0	0	tail protein|Tail protein			-_Viruses;-_Duplodnaviria;k_Heunggongvirae;p_Uroviricota;c_Caudoviricetes;-_Caudoviricetes incertae sedis;f_Sarkviridae;-_Guernseyvirinae;g_Jerseyvirus	prodigal-gv	11	NaN
sample3_99	NODE_99_length_3385_cov_0.129562	Rosenblumvirus sp. ctBDS1O	3385	None	3	0	1	0		DNA polymerase B		-_Viruses;-_Duplodnaviria;k_Heunggongvirae;p_Uroviricota;c_Caudoviricetes;-_Caudoviricetes incertae sedis;f_Rountreeviridae;-_Rakietenvirinae;g_Rosenblumvirus	prodigal-gv	11	NaN
